step,accuracy,confidence,entropy,predictions,targets,probabilities
0,0.15000000596046448,0.8474666476249695,0.4488816261291504,"[1 1 5 5 1 1 5 7 5 5 5 5 5 5 5 5 7 5 1 5 1 5 5 5 5 5 5 5 5 5 5 5 5 5 5 5 5
 1 5 5 5 5 5 5 5 5 5 5 1 1 1 5 1 1 5 1 5 5 5 5 5 5 0 5 5 1 5 5 1 5 1 5 1 7
 1 7 5 5 1 5]","[2 3 2 3 2 3 2 3 3 3 3 3 2 2 2 2 2 2 2 3 2 3 3 3 2 3 3 2 2 2 2 2 3 3 2 3 3
 3 2 3 0 0 0 0 0 0 0 0 1 1 1 1 1 1 1 1 0 0 0 0 0 0 0 0 0 0 0 0 1 1 1 1 1 1
 1 1 1 1 1 1]","[[7.38688257e-08 9.94958103e-01 2.48496130e-04 2.48496130e-04
  1.49285974e-04 2.11193901e-03 1.03693063e-04 2.11842731e-03
  5.44627619e-05 6.94716800e-06]
 [7.79440299e-08 9.77890551e-01 2.52406870e-04 2.52406870e-04
  7.68293568e-04 1.79675315e-02 3.24711553e-04 1.45791005e-03
  1.06970780e-03 1.64401681e-05]
 [9.93847061e-05 7.16257542e-02 2.46070581e-03 2.46070581e-03
  1.55219552e-03 8.07294250e-01 4.01086314e-03 1.05287150e-01
  5.11897635e-03 9.00943633e-05]
 [9.12977324e-04 4.02743230e-03 1.74761587e-03 1.74761587e-03
  4.58402932e-03 9.64047611e-01 6.25135144e-04 2.00006496e-02
  2.23901751e-03 6.80733938e-05]
 [1.10115934e-05 7.09977210e-01 2.58135330e-03 2.58135330e-03
  9.75230429e-03 1.06504910e-01 1.94717024e-03 1.60572797e-01
  6.05560327e-03 1.62807864e-05]
 [1.82837884e-10 9.99694109e-01 1.27303292e-05 1.27303292e-05
  5.72948966e-06 1.41657745e-06 4.79271330e-06 2.32271181e-04
  3.55034426e-05 7.62458058e-07]
 [1.40355798e-04 1.15694791e-01 3.75973759e-03 3.75973759e-03
  4.49367613e-02 6.75958812e-01 5.25700953e-03 8.59671086e-02
  6.44795746e-02 4.61629425e-05]
 [2.83041038e-04 1.18778676e-01 5.40005043e-03 5.40005043e-03
  3.99925688e-04 3.72515917e-01 8.49381462e-03 4.75890845e-01
  1.22819589e-02 5.55772684e-04]
 [3.79482844e-05 3.54954600e-01 3.39472061e-03 3.39472061e-03
  2.41894014e-02 5.53108275e-01 1.05236582e-02 4.05962951e-02
  9.77752730e-03 2.28961017e-05]
 [8.86968151e-03 8.08661389e-06 2.47387041e-04 2.47387041e-04
  3.55148775e-04 9.84133482e-01 1.80688512e-03 4.32036538e-03
  7.78105732e-06 3.77737456e-06]
 [4.62953059e-04 3.00478213e-03 1.09145918e-03 1.09145918e-03
  4.54990240e-03 9.78002250e-01 9.75763891e-04 5.42184431e-03
  5.33503806e-03 6.46439075e-05]
 [4.26575280e-05 2.89917022e-01 3.28198029e-03 3.28198029e-03
  2.98014213e-03 6.82727873e-01 7.88302743e-04 5.27905347e-03
  1.04316091e-02 1.26933109e-03]
 [5.42162801e-04 8.59685708e-04 6.33237185e-04 6.33237185e-04
  1.91223912e-03 9.83768165e-01 7.74804386e-04 5.75190829e-03
  4.98355459e-03 1.40976466e-04]
 [1.57278687e-01 4.50710644e-07 2.54445797e-04 2.54445797e-04
  8.72232311e-04 8.38932455e-01 1.74607977e-03 5.93398523e-04
  4.43462850e-05 2.34011877e-05]
 [4.03164864e-01 8.99365631e-08 1.82829142e-04 1.82829142e-04
  9.67370928e-04 5.95082939e-01 1.19167336e-04 6.33352465e-05
  5.48991411e-05 1.81750787e-04]
 [2.86864489e-02 6.24361974e-07 1.27346022e-04 1.27346022e-04
  3.65875341e-04 9.69872773e-01 2.60799919e-04 4.22365556e-04
  2.86771192e-05 1.07751861e-04]
 [8.51619407e-04 8.66583213e-02 8.06183740e-03 8.06183740e-03
  1.66733970e-03 2.78922141e-01 8.14748704e-02 5.15635848e-01
  1.83645766e-02 3.01558524e-04]
 [2.34134059e-05 3.59314024e-01 2.70428276e-03 2.70428276e-03
  2.00409140e-03 4.85550880e-01 1.21653569e-03 1.19461454e-01
  2.69135442e-02 1.07557244e-04]
 [1.64776470e-09 9.95759666e-01 3.77007054e-05 3.77007054e-05
  5.59826367e-05 2.51113903e-04 1.92198968e-05 3.38792242e-03
  4.49143641e-04 1.54467944e-06]
 [1.96306664e-03 4.17736871e-03 2.72403820e-03 2.72403820e-03
  7.49623729e-03 9.45094764e-01 4.66567697e-03 2.92357951e-02
  1.68592006e-03 2.33146144e-04]
 [5.33267723e-08 9.72643316e-01 2.10769635e-04 2.10769635e-04
  9.48127883e-04 1.32463155e-02 6.70612862e-05 1.22058652e-02
  4.59940406e-04 7.73102056e-06]
 [3.10120126e-03 2.40468144e-04 8.03322473e-04 8.03322473e-04
  1.45687532e-04 9.81638789e-01 1.54400966e-03 1.03891296e-02
  1.32135185e-03 1.27948342e-05]
 [1.60910757e-04 9.85255744e-03 1.13778724e-03 1.13778724e-03
  3.41890357e-03 9.67650652e-01 1.97038357e-03 1.38043743e-02
  7.55724031e-04 1.10921050e-04]
 [1.31178345e-03 7.37266892e-05 2.88248382e-04 2.88248382e-04
  8.21451540e-05 9.95556891e-01 1.24834303e-03 5.70985547e-04
  4.54682711e-04 1.24983271e-04]
 [1.91140152e-05 1.73335046e-01 1.69092370e-03 1.69092370e-03
  2.53350870e-03 7.70167887e-01 6.44129235e-04 4.18010801e-02
  7.85400812e-03 2.63397611e-04]
 [2.45114788e-02 2.30002399e-07 7.02795951e-05 7.02795951e-05
  1.19693585e-04 9.74827826e-01 1.91301340e-04 1.95378481e-04
  9.39866914e-06 4.08426831e-06]
 [9.85719934e-02 1.57480542e-06 3.65927437e-04 3.65927437e-04
  4.75789391e-04 8.94685984e-01 7.10170891e-04 4.68344428e-03
  1.35014969e-04 4.17849560e-06]
 [3.94151866e-01 3.52966993e-07 3.56459030e-04 3.56459030e-04
  7.32498593e-04 6.02075994e-01 1.43412710e-03 8.16593296e-04
  1.68323768e-05 5.88145122e-05]
 [2.57896096e-01 1.66934569e-06 6.18215767e-04 6.18215767e-04
  3.27866612e-04 7.38409877e-01 9.76159587e-04 7.63272226e-04
  2.81222165e-04 1.07389125e-04]
 [4.11039800e-04 5.48433745e-03 1.40344736e-03 1.40344736e-03
  7.13796308e-03 9.78983402e-01 1.06836844e-03 1.66557753e-03
  2.25733989e-03 1.85000812e-04]
 [6.16783393e-04 9.04248678e-04 6.84041937e-04 6.84041937e-04
  1.29366969e-03 9.85589445e-01 2.22516435e-04 9.76694282e-03
  1.99926173e-04 3.84207633e-05]
 [1.58261124e-03 3.25885527e-02 6.84267981e-03 6.84267981e-03
  1.30122164e-02 8.66562903e-01 4.40774346e-03 4.60831635e-02
  2.10920572e-02 9.85373510e-04]
 [3.27983275e-02 3.66724213e-04 3.28463269e-03 3.28463269e-03
  8.18584580e-04 9.26066041e-01 1.52768986e-02 1.71509925e-02
  2.77934392e-04 6.75208925e-04]
 [6.98163407e-04 2.37944878e-05 1.18413722e-04 1.18413722e-04
  1.47589497e-04 9.98403490e-01 2.26021220e-04 8.80977750e-05
  1.73512133e-04 2.46608101e-06]
 [8.93963501e-03 3.48966125e-07 5.17181652e-05 5.17181652e-05
  3.92618036e-04 9.90282774e-01 2.60282795e-05 1.58529016e-04
  7.06933861e-05 2.59878252e-05]
 [1.04553568e-04 8.40942841e-03 8.61814246e-04 8.61814246e-04
  1.45945034e-03 9.79039371e-01 2.89366057e-04 8.42175912e-03
  2.85334740e-04 2.67084164e-04]
 [2.84386653e-04 5.42513579e-02 3.59669887e-03 3.59669887e-03
  1.80653168e-03 9.03280497e-01 1.71488116e-03 2.45397724e-02
  6.37394516e-03 5.55208127e-04]
 [5.08105450e-06 8.13956439e-01 1.89346110e-03 1.89346110e-03
  1.16521893e-02 1.23822518e-01 7.02527293e-04 4.30334136e-02
  2.77947565e-03 2.61444569e-04]
 [2.76106782e-03 1.53102260e-03 1.89776090e-03 1.89776090e-03
  7.48913363e-03 9.67899621e-01 3.44919111e-03 1.09322648e-02
  1.70983863e-03 4.32393455e-04]
 [7.87416880e-04 2.58826488e-03 1.31635566e-03 1.31635566e-03
  1.69054372e-03 9.71613646e-01 3.08961514e-03 1.69496536e-02
  5.46679366e-04 1.01491496e-04]
 [1.68875372e-03 1.72207621e-03 1.59065274e-03 1.59065274e-03
  2.62851100e-02 9.62667227e-01 2.59169639e-04 1.94278278e-03
  1.89385761e-03 3.59792757e-04]
 [6.47858309e-04 8.61141086e-02 7.07078120e-03 7.07078120e-03
  5.61657269e-03 8.59290540e-01 8.39688443e-03 1.52097028e-02
  5.17213996e-03 5.41060790e-03]
 [1.27623990e-01 8.04216427e-08 9.54559437e-05 9.54559437e-05
  1.74385073e-04 8.71587515e-01 1.46211270e-04 1.08335473e-04
  6.22935186e-05 1.06258623e-04]
 [2.78587244e-03 4.14291098e-05 3.15030484e-04 3.15030484e-04
  1.35148421e-03 9.94123876e-01 8.19841298e-05 1.71320091e-04
  7.72145722e-05 7.36755319e-04]
 [6.93085277e-03 1.88618258e-04 1.05802435e-03 1.05802435e-03
  2.43185880e-03 9.83197212e-01 1.13062502e-03 3.62192839e-03
  3.46515531e-04 3.64472944e-05]
 [5.03490828e-02 5.58099771e-07 1.58196694e-04 1.58196694e-04
  1.47135812e-03 9.47029650e-01 3.05117108e-04 2.61416164e-04
  2.12951432e-04 5.34536666e-05]
 [1.05422537e-03 9.20731947e-03 2.84372130e-03 2.84372130e-03
  1.16862240e-03 9.64389920e-01 4.23810212e-03 1.41822388e-02
  2.68532531e-05 4.52072818e-05]
 [5.22797741e-03 2.49356846e-04 1.09248422e-03 1.09248422e-03
  2.60793301e-03 9.75786150e-01 1.47047453e-03 1.02004660e-02
  1.74144132e-03 5.31228143e-04]
 [8.37660785e-09 9.84161615e-01 8.54604368e-05 8.54604368e-05
  1.79487233e-05 6.58986275e-04 6.55877375e-05 1.37476698e-02
  1.16157089e-03 1.57492559e-05]
 [1.16393066e-05 6.32299721e-01 2.52793380e-03 2.52793380e-03
  1.27363810e-02 2.93608695e-01 3.54105141e-03 4.84405383e-02
  3.11996252e-03 1.18613977e-03]
 [2.82375804e-05 4.96014386e-01 3.48434993e-03 3.48434993e-03
  1.42509462e-02 4.30585086e-01 3.78968171e-03 3.77374105e-02
  1.00381738e-02 5.87457151e-04]
 [1.70799845e-04 3.06087709e-03 6.70249690e-04 6.70249690e-04
  4.68865794e-04 9.91453767e-01 3.27131827e-04 6.58198551e-04
  2.23527802e-03 2.84576148e-04]
 [1.34291709e-04 5.02596021e-01 7.70686846e-03 7.70686846e-03
  8.01290013e-03 1.64764762e-01 1.04090469e-02 2.70711541e-01
  2.77742855e-02 1.83411859e-04]
 [1.11596182e-05 7.44508028e-01 2.63465615e-03 2.63465615e-03
  8.72546062e-03 1.68103635e-01 2.87558767e-03 6.95247725e-02
  7.71938241e-04 2.10101382e-04]
 [1.52438835e-04 1.62588760e-01 4.68123052e-03 4.68123052e-03
  1.19378120e-02 6.47491992e-01 5.14670275e-03 1.40298739e-01
  2.25207191e-02 5.00352297e-04]
 [2.84673234e-07 9.54611123e-01 4.82884148e-04 4.82884148e-04
  1.99798436e-04 1.41012557e-02 6.36254088e-04 2.63303239e-02
  3.14110285e-03 1.41374285e-05]
 [6.93085277e-03 1.88618258e-04 1.05802435e-03 1.05802435e-03
  2.43185880e-03 9.83197212e-01 1.13062502e-03 3.62192839e-03
  3.46515531e-04 3.64472944e-05]
 [1.55436120e-03 3.07098753e-03 1.99649134e-03 1.99649134e-03
  1.26933213e-03 9.78220761e-01 2.34219478e-03 7.77880615e-03
  1.28147763e-03 4.89076308e-04]
 [1.00189447e-03 6.13520816e-02 7.24779163e-03 7.24779163e-03
  2.53574573e-03 7.33735442e-01 6.66359765e-03 1.79435402e-01
  5.19444759e-04 2.60823581e-04]
 [1.02934046e-02 9.79627599e-04 3.01651331e-03 3.01651331e-03
  8.79091676e-03 9.54475701e-01 3.18622193e-03 1.02993408e-02
  5.83156664e-03 1.10273882e-04]
 [6.08314611e-02 3.51965500e-05 1.42091617e-03 1.42091617e-03
  1.90887798e-03 9.16830063e-01 5.36284223e-03 7.77747016e-03
  1.88730634e-03 2.52502435e-03]
 [1.48882847e-02 1.61024254e-05 4.71645995e-04 4.71645995e-04
  1.18544593e-03 9.81728137e-01 2.68518139e-04 4.07624379e-04
  4.62374708e-04 1.00168298e-04]
 [8.96843612e-01 2.86754287e-10 1.52647499e-05 1.52647499e-05
  2.86919327e-04 1.02760538e-01 3.14091740e-05 3.04327864e-06
  3.22145638e-06 4.06951294e-05]
 [3.42752300e-02 1.90477763e-07 7.70607803e-05 7.70607803e-05
  8.56498780e-04 9.64572608e-01 3.95873722e-05 9.84324652e-06
  6.03027183e-05 3.15805628e-05]
 [2.09927768e-01 5.50457685e-07 3.21363914e-04 3.21363914e-04
  5.79367159e-04 7.87340999e-01 5.39998116e-04 6.75086805e-04
  2.29677855e-04 6.37808844e-05]
 [6.69516430e-06 7.42141366e-01 2.04892433e-03 2.04892433e-03
  4.34562186e-04 2.28374660e-01 2.34040595e-03 2.00076308e-02
  2.32662400e-03 2.70076533e-04]
 [3.51078399e-02 5.95129450e-07 1.36001661e-04 1.36001661e-04
  1.44894992e-04 9.63805139e-01 3.92285699e-04 1.99459304e-04
  2.01772073e-05 5.75658632e-05]
 [5.90367054e-05 8.75762850e-02 2.07780185e-03 2.07780185e-03
  1.24215183e-03 8.64001453e-01 2.37742509e-03 3.30265909e-02
  7.50183640e-03 5.96049176e-05]
 [2.74655321e-08 9.83812809e-01 1.50441309e-04 1.50441309e-04
  2.22066825e-04 1.61086977e-03 2.32892562e-04 1.31818606e-02
  6.31000730e-04 7.45041461e-06]
 [5.39409369e-03 1.47541091e-02 8.57794750e-03 8.57794750e-03
  1.64722316e-02 8.19728255e-01 8.38861428e-03 9.29336473e-02
  2.29497813e-02 2.22327351e-03]
 [2.39019960e-06 5.59852540e-01 1.05740025e-03 1.05740025e-03
  4.81625699e-04 4.31593806e-01 2.30443152e-03 1.99721707e-03
  1.52177084e-03 1.31509456e-04]
 [6.47053719e-02 3.15444095e-06 4.23866033e-04 4.23866033e-04
  1.84841931e-03 9.27575707e-01 1.20474608e-03 3.55322682e-03
  1.52059802e-04 1.09623936e-04]
 [8.43854124e-08 9.51031566e-01 2.62791116e-04 2.62791116e-04
  1.82255564e-04 6.34400221e-03 1.68803352e-04 4.07060422e-02
  1.04012759e-03 1.48313950e-06]
 [5.85436588e-03 6.24465644e-02 1.81298368e-02 1.81298368e-02
  2.83404347e-02 2.98390239e-01 4.01290990e-02 5.22937238e-01
  4.88630729e-03 7.55986548e-04]
 [1.59848787e-05 5.55169284e-01 2.77939183e-03 2.77939183e-03
  1.13043177e-03 6.65663108e-02 2.15305705e-02 3.49249423e-01
  7.35360140e-04 4.38516254e-05]
 [1.02299411e-04 2.74558723e-01 4.91591031e-03 4.91591031e-03
  4.44975635e-03 1.72344089e-01 4.84719919e-03 5.20914137e-01
  1.28997304e-02 5.22233204e-05]
 [5.41500282e-04 1.10219397e-01 7.06148194e-03 7.06148194e-03
  4.60543297e-03 5.42494833e-01 6.49640039e-02 2.55082875e-01
  7.64977187e-03 3.19292536e-04]
 [3.57699959e-04 8.99752155e-02 5.22374036e-03 5.22374036e-03
  1.58369890e-03 7.64865935e-01 1.08712837e-02 1.11180007e-01
  1.05921971e-02 1.26567465e-04]
 [1.98675232e-09 9.98716831e-01 4.18593154e-05 4.18593154e-05
  1.03210259e-05 9.69865214e-05 4.20696597e-05 9.06886242e-04
  1.39725598e-04 3.48909293e-06]
 [5.47633739e-03 8.35666724e-04 2.02757865e-03 2.02757865e-03
  7.58374855e-03 9.59412873e-01 6.06754795e-04 1.79670975e-02
  2.64638616e-03 1.41601148e-03]]"
50,0.21250000596046448,0.590405285358429,1.1440746784210205,"[7 7 9 7 7 7 9 5 9 7 3 7 2 7 5 6 9 7 5 5 3 1 3 8 2 3 0 9 7 9 5 3 5 9 3 8 9
 7 3 9 7 7 0 7 9 9 0 9 9 9 9 1 9 3 7 7 0 7 0 9 5 5 9 9 0 0 7 5 7 9 7 1 1 9
 1 1 9 9 9 9]","[3 3 2 2 2 3 2 3 3 3 3 3 2 3 2 3 2 3 2 2 3 3 3 3 3 2 2 2 3 3 3 2 2 3 3 2 2
 3 3 3 0 0 0 0 0 0 0 0 1 1 1 1 1 1 1 1 0 0 0 0 0 0 0 0 0 0 0 0 1 1 1 1 1 1
 1 1 1 1 1 1]","[[1.21352449e-02 3.04442924e-03 3.03718925e-01 7.04578534e-02
  2.37303320e-02 1.02743902e-03 2.70157848e-02 5.15836716e-01
  2.16079131e-02 2.14253534e-02]
 [2.18351837e-04 2.28894949e-01 2.67317332e-02 7.07766190e-02
  3.29817040e-03 2.92843179e-04 2.27913335e-02 4.13847804e-01
  8.37250948e-02 1.49423108e-01]
 [8.45097005e-02 7.02845538e-03 3.37854773e-03 4.16968222e-04
  9.89168184e-04 2.23161489e-01 2.75936723e-03 4.54610941e-04
  5.45501651e-04 6.76756263e-01]
 [7.28720624e-04 1.22843562e-02 2.18940843e-02 8.17855224e-02
  5.12456009e-03 3.79312434e-04 5.87653648e-03 8.37301433e-01
  7.94163253e-03 2.66839042e-02]
 [2.55171093e-03 6.05405271e-02 7.10978284e-02 7.44768605e-02
  5.68070915e-04 1.46976870e-03 9.00386050e-02 3.21990997e-01
  2.14089140e-01 1.63176477e-01]
 [1.51827885e-03 2.91123658e-01 5.85950492e-03 6.15743315e-03
  5.22727787e-04 5.09303500e-05 5.90554299e-03 6.48447692e-01
  2.53938045e-02 1.50204115e-02]
 [3.30417335e-01 4.59722336e-03 1.05819050e-02 5.75674814e-04
  2.61509721e-03 2.34523848e-01 1.93071328e-02 2.04748660e-02
  3.52828763e-03 3.73378634e-01]
 [8.36645290e-02 4.35030926e-03 1.45990439e-02 4.14776197e-03
  2.68757553e-03 5.47321916e-01 8.16931669e-03 6.84914179e-04
  3.46477842e-03 3.30909818e-01]
 [3.13270488e-04 1.78918224e-02 1.01864651e-01 2.48104244e-01
  1.49583328e-03 3.95663343e-02 3.63133545e-03 1.21210717e-01
  1.85103342e-02 4.47411418e-01]
 [5.74046038e-02 1.36960736e-02 3.36287767e-02 3.02318651e-02
  1.26186144e-02 3.13457247e-04 8.02297592e-02 6.10859215e-01
  7.89456889e-02 8.20719227e-02]
 [1.83689899e-05 1.16711659e-02 3.42705190e-01 4.57937092e-01
  4.46040969e-04 1.92834646e-04 3.06942686e-03 1.57306045e-01
  2.32510567e-02 3.40273581e-03]
 [2.90561165e-03 3.66354138e-02 1.38021782e-01 6.04780242e-02
  3.64287407e-03 5.25530800e-02 3.33492854e-03 4.08984721e-01
  8.93413741e-03 2.84509480e-01]
 [1.77441891e-02 1.10845931e-03 6.65952146e-01 5.03513925e-02
  2.23029638e-03 1.70169976e-02 7.48093799e-03 1.25780687e-01
  4.45813946e-02 6.77534640e-02]
 [1.36317080e-03 3.29269208e-02 2.51100939e-02 9.43759531e-02
  1.66532106e-03 4.97685105e-04 9.17029660e-03 7.58367360e-01
  6.17335476e-02 1.47896176e-02]
 [1.24667972e-01 9.67908825e-04 1.02663226e-02 1.71388919e-03
  6.30155962e-04 5.38930833e-01 5.12665557e-03 2.12425902e-03
  3.44909931e-04 3.15227002e-01]
 [1.06846653e-01 6.54210672e-02 1.22229364e-02 2.23383377e-03
  5.47547708e-04 5.29340282e-03 4.05381739e-01 1.71263218e-02
  5.73996967e-03 3.79186571e-01]
 [2.22914796e-02 1.15379365e-02 5.64046018e-02 3.69972200e-03
  2.08632695e-03 3.61403137e-01 2.05993615e-02 3.00744688e-03
  1.73092000e-02 5.01660824e-01]
 [7.37257302e-04 1.32159933e-01 2.58574206e-02 2.94672698e-01
  2.69423402e-03 4.45989863e-04 8.53957515e-03 5.15633106e-01
  7.93802552e-03 1.13218045e-02]
 [3.03941127e-03 2.76281789e-04 1.55298606e-01 4.36279625e-02
  7.77838519e-04 6.01016045e-01 1.86542701e-03 1.82214398e-02
  1.09789511e-02 1.64898023e-01]
 [1.77881718e-02 2.37550423e-03 6.40557259e-02 3.28590833e-02
  4.28406708e-03 5.55179358e-01 3.88388894e-02 2.29590526e-03
  7.40212575e-03 2.74921209e-01]
 [1.97326954e-05 5.96049130e-02 1.05148420e-01 2.87674189e-01
  5.40350471e-03 1.96007211e-04 5.19131264e-03 2.68114150e-01
  1.86991453e-01 8.16563666e-02]
 [1.12157497e-04 6.40649319e-01 1.55172003e-02 1.29552511e-02
  8.78739811e-04 7.26871018e-04 2.19322159e-03 6.77930713e-02
  4.67598103e-02 2.12414399e-01]
 [2.12533260e-03 1.67096723e-02 8.28073844e-02 5.01100898e-01
  9.89942998e-03 3.59897560e-04 1.28614884e-02 3.11906219e-01
  4.45384458e-02 1.76912919e-02]
 [1.41074006e-02 3.13463397e-02 4.05058675e-02 3.92066967e-03
  2.50720270e-02 2.32105679e-03 4.89178114e-03 1.57627657e-01
  5.47152817e-01 1.73054323e-01]
 [2.90987338e-03 1.10479479e-03 6.93558395e-01 1.56791732e-01
  1.63582172e-02 8.22370593e-03 3.62909911e-03 7.57717639e-02
  2.87928022e-02 1.28595727e-02]
 [1.58001494e-05 5.15402389e-05 1.34259328e-01 8.12452674e-01
  5.54306142e-04 5.28917357e-04 4.90598904e-04 2.57164910e-02
  2.48829480e-02 1.04731473e-03]
 [4.33053851e-01 2.94154626e-03 9.47246421e-03 1.36459223e-03
  4.77132155e-03 2.52315462e-01 2.72718128e-02 5.62820258e-03
  1.78210670e-03 2.61398613e-01]
 [1.39022142e-01 7.37283612e-03 5.15702702e-02 6.55001076e-03
  3.08266398e-03 1.33422008e-02 1.24712056e-02 1.70318455e-01
  8.13879911e-03 5.88131428e-01]
 [4.67452737e-05 1.03637896e-01 2.75138952e-02 1.92696288e-01
  4.35604434e-03 1.01910104e-04 4.81484318e-03 6.19555533e-01
  4.46618423e-02 2.61494797e-03]
 [8.17737821e-03 1.34596950e-03 1.25791565e-01 5.00060022e-02
  4.51358315e-03 1.09699424e-02 2.38474980e-02 1.22482210e-01
  3.55946994e-03 6.49306417e-01]
 [9.01341960e-02 3.87623761e-04 1.36138843e-02 1.31162954e-02
  9.83499829e-03 7.42262185e-01 2.86541134e-03 1.90664770e-03
  2.69931252e-03 1.23179413e-01]
 [3.53685638e-04 2.52303611e-02 9.04283673e-02 5.45275629e-01
  5.37595991e-03 4.11080942e-03 1.05860494e-02 2.72447437e-01
  3.80608253e-02 8.13087635e-03]
 [3.35142165e-02 7.58614065e-03 2.72395965e-02 7.98312016e-03
  8.84708669e-03 5.68206608e-01 1.18123703e-02 4.18664888e-03
  4.16346174e-03 3.26460749e-01]
 [1.03986226e-02 2.57150992e-03 8.54261126e-03 1.62655069e-03
  3.84776213e-04 1.71537235e-01 1.06202683e-03 1.19777501e-03
  1.06992936e-02 7.91979671e-01]
 [9.28418897e-03 7.85318241e-02 8.41936618e-02 3.84153247e-01
  2.82847136e-02 2.40878877e-03 2.54736990e-02 1.41911641e-01
  1.94206417e-01 5.15517816e-02]
 [9.21872854e-02 9.07789264e-03 6.46433383e-02 1.18245222e-02
  2.64714751e-02 1.70136970e-02 1.86148025e-02 4.36916240e-02
  5.74962497e-01 1.41512871e-01]
 [7.21121347e-03 1.37293735e-03 1.61620062e-02 6.92159589e-03
  5.80359425e-04 1.42238259e-01 2.00024843e-02 1.38479320e-03
  8.32566584e-04 8.03293765e-01]
 [1.09117953e-02 1.41237564e-02 1.40801594e-01 3.42151634e-02
  9.22049955e-03 1.19398730e-02 1.79417282e-02 6.96663260e-01
  6.04384951e-03 5.81385046e-02]
 [3.89508432e-06 1.53394833e-01 1.35867342e-01 6.05295300e-01
  4.71587898e-03 4.04051898e-05 4.40422358e-04 4.13409211e-02
  5.18047512e-02 7.09631201e-03]
 [4.22759587e-03 2.59873927e-01 2.27247328e-02 1.13731869e-01
  5.39253168e-02 5.26403263e-02 2.89871413e-02 4.20816839e-02
  1.06580012e-01 3.15227389e-01]
 [1.14551187e-03 1.05745301e-01 2.24719029e-02 1.76093783e-02
  2.26700632e-03 2.74866208e-04 2.81272875e-03 8.18139136e-01
  2.34996099e-02 6.03448413e-03]
 [3.96209629e-03 4.28941883e-02 2.51186322e-02 1.00434653e-01
  4.78714472e-03 8.01519258e-04 2.25537848e-02 4.70616549e-01
  2.11270764e-01 1.17560640e-01]
 [5.36384106e-01 9.45636258e-03 8.04572739e-03 4.07215673e-04
  1.26272126e-03 1.40143305e-01 2.29341909e-03 1.16658630e-03
  1.47629681e-03 2.99364179e-01]
 [1.55488729e-01 2.52812821e-02 7.98583999e-02 1.34220077e-02
  1.46430153e-02 1.51031595e-02 1.04749858e-01 3.53508025e-01
  8.06643516e-02 1.57281190e-01]
 [5.31296730e-02 2.31548399e-02 6.55051395e-02 2.90278788e-03
  1.49611011e-03 1.71610899e-02 5.89433266e-03 1.12967053e-02
  1.84295222e-01 6.35164082e-01]
 [3.20258886e-02 2.43736478e-03 1.24431972e-03 3.86003318e-04
  1.35973957e-03 2.02142131e-02 1.36826118e-03 1.56281714e-03
  2.69804819e-04 9.39131618e-01]
 [4.17272687e-01 1.04809529e-03 3.85258868e-02 1.87328947e-03
  2.01315153e-02 3.86312276e-01 5.72193693e-03 1.94327871e-03
  4.07007197e-03 1.23101048e-01]
 [1.73683569e-01 1.20839998e-02 1.17477328e-02 1.35630905e-03
  5.12324972e-03 3.15986760e-02 7.84616731e-03 1.29344845e-02
  6.17486192e-03 7.37450838e-01]
 [9.65383127e-02 8.55553895e-03 2.07954436e-03 3.02260712e-04
  4.55270428e-03 1.49454668e-01 3.06243799e-03 3.12209886e-04
  1.24052330e-03 7.33901918e-01]
 [9.63059254e-03 2.27918522e-03 1.78912166e-03 2.01792049e-04
  4.12483583e-04 1.51724769e-02 2.44296412e-03 3.20610066e-04
  1.67973409e-03 9.66071010e-01]
 [2.46961578e-03 9.85851604e-03 2.37028627e-03 1.78096932e-04
  1.65935737e-04 1.15933893e-02 4.93389030e-04 6.17300917e-04
  4.79742012e-04 9.71773803e-01]
 [1.15521179e-05 3.96170020e-01 4.87716682e-02 1.38940439e-01
  3.04326741e-03 2.80118780e-04 1.49742945e-03 3.19696426e-01
  8.57926905e-02 5.79639664e-03]
 [3.23018932e-04 2.94759631e-01 1.84574462e-02 1.58980247e-02
  6.13084296e-03 9.49860550e-03 7.24537647e-04 5.06762369e-03
  1.11873653e-02 6.37952924e-01]
 [2.39054589e-06 6.44890890e-02 4.86660413e-02 6.73786402e-01
  9.35946475e-04 3.27121961e-04 8.20913410e-04 1.75633177e-01
  2.87217032e-02 6.61733840e-03]
 [6.54487521e-05 6.49120361e-02 1.85106229e-02 2.61799525e-02
  3.93761497e-04 3.75202399e-05 5.47081372e-03 8.42995524e-01
  2.15032827e-02 1.99310742e-02]
 [9.12713411e-04 2.66915083e-01 1.74893290e-02 1.85189564e-02
  1.19371549e-03 1.93264554e-04 4.56246873e-03 6.15057230e-01
  2.16256790e-02 5.35315610e-02]
 [5.89648306e-01 2.46749783e-04 5.15242433e-03 7.23219709e-04
  8.21286347e-03 2.76651412e-01 2.19983142e-03 4.55763278e-04
  1.11799850e-03 1.15591407e-01]
 [7.55872228e-04 4.57157940e-02 5.46854027e-02 1.82736795e-02
  8.53373576e-03 7.96113018e-05 4.62937774e-03 7.76346266e-01
  8.08006749e-02 1.01794600e-02]
 [5.98195612e-01 7.10493332e-05 5.57877729e-03 1.63043605e-03
  1.34830072e-03 2.65866995e-01 4.12542233e-03 6.04064786e-04
  7.25664489e-04 1.21853784e-01]
 [2.12122187e-01 5.40776062e-04 5.24171907e-03 8.32156686e-04
  3.58253811e-03 3.52165192e-01 3.86111438e-03 4.84441698e-04
  2.18930375e-03 4.18980569e-01]
 [2.79035699e-03 2.93649710e-03 1.26560405e-01 1.24159269e-01
  2.94169988e-02 3.22119504e-01 4.37236857e-03 4.27082228e-03
  1.01875082e-01 2.81498641e-01]
 [3.91692102e-01 7.41809898e-04 1.45774474e-03 3.24789784e-04
  1.12501497e-03 4.38957453e-01 2.72565382e-03 2.59671302e-04
  6.39070407e-04 1.62076727e-01]
 [3.93053517e-02 5.06341876e-03 3.23623791e-02 2.16799532e-03
  4.98686975e-04 9.18717030e-03 3.65004479e-03 3.28228995e-02
  1.80954172e-03 8.73132467e-01]
 [2.38941852e-02 4.16296162e-03 4.36350368e-02 5.74729554e-02
  4.36183717e-03 2.93062508e-01 3.58206034e-02 2.60337442e-02
  9.25883651e-03 5.02297282e-01]
 [4.31035966e-01 2.38594064e-03 5.71388286e-03 1.46013917e-03
  3.86986765e-03 1.46763280e-01 4.87751607e-03 8.83171055e-03
  6.16879296e-03 3.88892859e-01]
 [4.17272687e-01 1.04809529e-03 3.85258868e-02 1.87328947e-03
  2.01315153e-02 3.86312276e-01 5.72193693e-03 1.94327871e-03
  4.07007197e-03 1.23101048e-01]
 [6.92273141e-04 1.18051082e-01 1.58994585e-01 7.88643584e-02
  4.31837467e-03 1.59973497e-04 2.23162062e-02 5.00369906e-01
  8.75480846e-02 2.86851991e-02]
 [7.27051944e-02 3.55372112e-03 9.41637810e-03 3.60761909e-03
  4.51448979e-03 6.10975325e-01 6.24629902e-03 9.92368208e-04
  5.51385386e-03 2.82474756e-01]
 [2.24219373e-04 8.61248598e-02 7.54730403e-02 3.57481912e-02
  3.89457494e-03 1.82776144e-04 7.81808142e-03 7.23027110e-01
  3.63685191e-02 3.11386436e-02]
 [2.78249588e-02 1.00861289e-01 4.86779772e-02 5.12209814e-03
  6.37110509e-03 1.41351540e-02 4.08340581e-02 1.63382709e-01
  4.83052768e-02 5.44485390e-01]
 [2.36957814e-04 5.10234646e-02 3.60131897e-02 7.56555349e-02
  1.28086731e-02 6.48707093e-04 6.85616024e-03 6.59011722e-01
  9.83826891e-02 5.93629032e-02]
 [1.42236172e-06 6.15201473e-01 2.18136013e-02 1.28913000e-01
  7.44316028e-04 7.86396922e-05 1.23439112e-03 1.98003188e-01
  2.39879861e-02 1.00220246e-02]
 [1.15544803e-03 5.99151969e-01 5.07663377e-03 1.05083071e-01
  5.21124667e-03 3.76992568e-04 1.94646660e-02 1.39959395e-01
  1.09327093e-01 1.51935071e-02]
 [9.52334702e-03 1.81661807e-02 1.92929462e-01 9.40371677e-02
  6.98671211e-03 1.26068825e-02 1.34543493e-01 5.31497970e-02
  3.08479425e-02 4.47209060e-01]
 [3.64382664e-04 3.97732884e-01 2.43144594e-02 1.28991872e-01
  1.15655549e-03 1.23475026e-03 2.23049782e-02 3.96208733e-01
  1.25795957e-02 1.51119158e-02]
 [2.64728907e-03 7.20022798e-01 2.49806046e-03 3.71835602e-04
  8.32073158e-04 2.58594984e-04 4.12208494e-03 7.78824696e-03
  4.45916019e-02 2.16867372e-01]
 [3.20412801e-03 2.99933165e-01 2.34854389e-02 5.05864341e-03
  3.33794532e-03 2.42107548e-02 9.16028116e-03 5.92133738e-02
  1.34471124e-02 5.58949232e-01]
 [4.31521403e-05 2.22063079e-01 2.72556883e-03 6.58723351e-04
  9.78499535e-04 1.22209021e-03 4.77579597e-05 3.19062569e-03
  1.89522225e-02 7.50118256e-01]
 [1.01898909e-01 1.89356655e-02 3.47087812e-03 5.42560883e-04
  2.88821990e-03 1.09364696e-01 7.78894406e-03 3.69089365e-04
  2.03957479e-03 7.52701461e-01]
 [3.23018932e-04 2.94759631e-01 1.84574462e-02 1.58980247e-02
  6.13084296e-03 9.49860550e-03 7.24537647e-04 5.06762369e-03
  1.11873653e-02 6.37952924e-01]]"
100,0.13750000298023224,0.5883118510246277,1.16094172000885,"[9 5 0 9 7 1 7 9 7 9 7 9 7 9 7 3 1 9 3 9 3 7 9 9 9 7 7 7 7 9 3 1 9 0 7 9 7
 9 5 3 9 8 8 7 7 7 7 9 9 3 1 1 7 7 9 1 5 9 0 0 9 3 9 8 9 9 5 5 9 9 9 7 9 9
 5 1 9 7 9 9]","[3 3 3 3 2 3 2 3 3 2 3 2 2 3 3 3 3 3 3 2 3 3 3 2 3 3 2 3 3 2 3 2 2 3 3 2 2
 2 2 3 0 0 0 0 0 0 0 0 1 1 1 1 1 1 1 1 0 0 0 0 0 0 0 0 0 0 0 0 1 1 1 1 1 1
 1 1 1 1 1 1]","[[2.47086406e-01 5.37072599e-04 5.51372394e-03 5.46269817e-03
  3.25894263e-03 3.01202506e-01 2.49408046e-03 2.02294160e-03
  2.17458606e-03 4.30247128e-01]
 [1.54111721e-02 3.96431324e-06 3.19760703e-02 1.94933899e-02
  4.83234879e-04 8.60105336e-01 2.05793604e-03 1.07415440e-03
  2.73121463e-04 6.91216365e-02]
 [7.47968316e-01 1.93893793e-03 5.77473780e-03 3.38033610e-03
  1.99933443e-03 7.36989304e-02 2.50980575e-02 5.75660095e-02
  1.37358857e-02 6.88394830e-02]
 [1.66689267e-03 3.44926864e-02 2.47116201e-03 1.54769616e-02
  2.73541169e-04 1.69794308e-03 6.14561513e-02 7.01547116e-02
  8.31263419e-03 8.03997219e-01]
 [1.05977606e-03 1.96808785e-01 8.01624656e-02 4.65419702e-02
  2.69522355e-03 2.03010277e-03 4.11625579e-03 3.36083710e-01
  3.64948176e-02 2.94006795e-01]
 [1.26959607e-01 4.19625521e-01 7.27563212e-03 7.78041221e-03
  3.33601376e-03 2.06119800e-03 1.57400761e-02 2.74810880e-01
  2.24308278e-02 1.19979762e-01]
 [1.37563242e-04 1.38272364e-02 1.54166063e-02 2.30639353e-01
  2.85836495e-03 4.91576502e-04 9.38796159e-03 6.91017926e-01
  2.13092715e-02 1.49141373e-02]
 [2.18132168e-01 2.35664807e-02 6.83428138e-04 3.03690496e-04
  8.56477942e-04 4.03693761e-04 2.83959098e-02 1.91586733e-01
  7.05294032e-03 5.29018462e-01]
 [7.12032255e-04 1.51553089e-02 3.70353684e-02 2.46230826e-01
  3.24843568e-04 6.05782075e-03 1.13507258e-02 4.16554272e-01
  1.15321353e-02 2.55046725e-01]
 [9.65664834e-02 7.66570717e-02 5.89272715e-02 5.37840277e-03
  3.41238454e-02 2.23842193e-03 3.22724171e-02 2.74395734e-01
  1.35332510e-01 2.84107804e-01]
 [2.44310568e-03 2.33414233e-01 1.97101980e-02 2.10203931e-01
  5.75835537e-03 4.61060461e-03 4.39357683e-02 3.53655368e-01
  6.46193698e-02 6.16490431e-02]
 [3.97836184e-03 4.91123497e-02 3.95221747e-02 2.11523727e-01
  2.34346371e-03 1.99845936e-02 1.11826109e-02 1.30627602e-01
  4.84086797e-02 4.83316422e-01]
 [9.11453448e-04 1.60177071e-02 3.69611941e-02 8.23396966e-02
  6.90182019e-03 3.56668636e-04 7.05222040e-02 5.94336689e-01
  1.59983993e-01 3.16685848e-02]
 [3.01848538e-02 3.02206725e-01 5.07576577e-03 8.89137294e-03
  1.16618033e-02 3.68582159e-02 7.04011740e-03 2.06934512e-02
  1.33446520e-02 5.64043105e-01]
 [2.93400362e-02 2.54674652e-03 6.33951128e-02 2.24994019e-01
  5.72858145e-03 9.02363658e-02 1.31938877e-02 2.46879876e-01
  1.57448411e-01 1.66236892e-01]
 [4.12698695e-03 1.65641755e-02 5.95782511e-02 4.96260613e-01
  5.33314422e-03 1.11491736e-02 2.13746410e-02 1.74415499e-01
  1.97552651e-01 1.36448694e-02]
 [2.94283032e-03 6.47433519e-01 5.22568170e-03 9.29711037e-04
  2.24850676e-03 6.77024596e-04 7.19487853e-03 4.23279814e-02
  8.54724348e-02 2.05547363e-01]
 [1.85496323e-02 3.19414079e-01 1.26894210e-02 1.44359013e-02
  1.48101232e-03 3.25786956e-02 5.98846423e-03 2.50134710e-02
  1.27380947e-02 5.57111204e-01]
 [8.26478703e-04 5.33777114e-04 2.14623474e-02 5.68885207e-01
  1.15789182e-03 3.25166760e-03 1.93470286e-03 2.95689672e-01
  7.02425791e-03 9.92339998e-02]
 [1.39270574e-01 2.23069228e-02 1.68056774e-03 2.79097789e-04
  9.74305789e-04 7.66063035e-02 2.04268447e-03 9.52530652e-03
  6.09639334e-04 7.46704698e-01]
 [2.46898551e-03 4.04469552e-04 3.64941396e-02 3.71800363e-01
  3.36748868e-04 2.23690979e-02 1.90692414e-02 2.68615931e-01
  5.08069200e-03 2.73360401e-01]
 [7.61968130e-03 3.52712750e-01 8.90728645e-03 1.61771085e-02
  2.62580835e-03 1.84141309e-03 2.29473524e-02 4.67848361e-01
  5.33885211e-02 6.59317151e-02]
 [1.88264668e-01 1.35608479e-01 8.10778048e-03 7.67149217e-03
  2.26866431e-03 7.49724358e-02 1.12084687e-01 1.92058478e-02
  3.55501771e-02 4.16265696e-01]
 [9.87075195e-02 9.35610733e-04 1.71845797e-02 8.52169283e-03
  7.93696940e-03 3.04472387e-01 4.16865712e-03 1.04355463e-03
  2.91122263e-03 5.54117799e-01]
 [7.43126795e-02 3.28806404e-04 9.31294821e-03 2.21069902e-03
  5.17564884e-04 3.48600179e-01 2.00688671e-02 7.37074239e-04
  1.67727808e-03 5.42234004e-01]
 [1.66123128e-03 8.71882290e-02 4.43712510e-02 3.08996528e-01
  4.16029729e-02 1.87838683e-03 2.29296163e-02 3.89720023e-01
  1.95054486e-02 8.21463317e-02]
 [1.33072480e-03 5.33868112e-02 3.66547853e-02 2.56263465e-01
  3.81581346e-03 2.47220369e-03 1.03369188e-02 4.86593485e-01
  1.11684538e-02 1.37977257e-01]
 [8.51470139e-03 6.88733160e-03 5.82072474e-02 7.54043311e-02
  7.22473767e-03 4.27495735e-03 1.47061227e-02 7.65319288e-01
  5.04520386e-02 9.00927931e-03]
 [3.76660191e-03 2.90738940e-01 6.25232235e-03 4.58876677e-02
  2.26390758e-03 1.75218302e-04 1.92313213e-02 5.25067270e-01
  2.74408981e-02 7.91757852e-02]
 [5.92599399e-02 2.11858260e-03 1.08695980e-02 5.29072173e-02
  4.81804920e-04 3.58199775e-02 6.95983693e-02 5.09704389e-02
  7.29333563e-03 7.10680664e-01]
 [6.65549480e-04 1.26273744e-03 9.00490582e-02 5.64170241e-01
  7.89977086e-04 2.69211791e-02 6.67101564e-03 2.78290957e-01
  2.09135991e-02 1.02656847e-02]
 [4.96645123e-02 5.54190755e-01 3.62772751e-03 1.29496015e-03
  4.15850617e-03 1.40072196e-03 2.70461310e-02 1.66474313e-01
  7.88568929e-02 1.13285504e-01]
 [9.15809572e-02 6.54863287e-03 6.12994954e-02 5.97855216e-03
  1.15306620e-02 9.21534970e-02 3.99411395e-02 1.57441981e-02
  8.08257703e-03 6.67140245e-01]
 [6.87379777e-01 3.51346462e-05 7.15535542e-04 8.88921903e-04
  1.51554224e-04 1.03078432e-01 5.18715475e-03 9.62752267e-04
  7.96735912e-05 2.01521054e-01]
 [1.03565282e-04 1.02138584e-02 1.77250262e-02 3.28372449e-01
  3.21820402e-03 3.29937460e-03 1.36132026e-02 6.07135892e-01
  6.42082049e-03 9.89769027e-03]
 [3.31019312e-01 2.37996434e-03 1.52330939e-02 1.16114877e-03
  3.33396462e-03 1.11069165e-01 1.05639845e-02 1.49058260e-03
  2.66472064e-03 5.21084070e-01]
 [1.97551446e-04 4.22687270e-02 7.66960308e-02 3.27654153e-01
  5.40037546e-03 6.42319443e-04 1.90657806e-02 3.65511388e-01
  1.52284801e-01 1.02788508e-02]
 [1.08239926e-01 2.81753601e-04 5.05330600e-02 1.73042100e-02
  7.78778037e-03 1.45070031e-01 8.87797587e-03 1.00089006e-01
  1.68425310e-02 5.44973791e-01]
 [1.12322373e-02 2.73456862e-05 5.24781309e-02 9.07390863e-02
  9.85922641e-04 5.14971733e-01 5.47957420e-03 6.78493874e-03
  2.42432323e-03 3.14876825e-01]
 [1.96167402e-05 6.85996725e-04 4.47322130e-02 7.53683150e-01
  2.41197908e-04 2.02304029e-04 3.57770408e-03 1.90190941e-01
  4.73754853e-03 1.92936964e-03]
 [3.02273691e-01 6.78775716e-04 1.17841875e-02 1.92531559e-03
  2.17429991e-03 2.91772366e-01 1.05653573e-02 1.01515034e-03
  1.44841673e-03 3.76362413e-01]
 [2.32728440e-02 3.17662535e-03 3.33008021e-02 1.92124173e-01
  4.68039140e-03 3.37680988e-02 2.09419448e-02 3.08434427e-01
  3.48418415e-01 3.18823308e-02]
 [6.42408058e-02 3.91378440e-03 7.73967132e-02 4.43533808e-02
  4.62560579e-02 7.92300552e-02 1.90334320e-02 4.92409728e-02
  5.28148055e-01 8.81868303e-02]
 [2.05207802e-03 9.84915998e-03 1.43410834e-02 2.66808808e-01
  8.22595204e-04 1.02264127e-02 1.48396241e-02 4.88735318e-01
  4.08824906e-03 1.88236728e-01]
 [3.22086699e-02 8.97066221e-02 2.98505090e-02 3.53840441e-02
  4.84515913e-02 2.65595573e-03 2.30876636e-02 5.74352384e-01
  4.45648991e-02 1.19737655e-01]
 [1.71042385e-03 2.62493803e-03 8.38718042e-02 1.75841212e-01
  4.26668255e-03 6.42177369e-03 5.58550544e-02 5.46062708e-01
  1.08271897e-01 1.50735145e-02]
 [1.77408550e-02 7.36181438e-02 8.18725862e-03 6.64236676e-03
  1.03455139e-02 5.84753230e-04 1.10424422e-02 7.61143804e-01
  1.02731064e-01 7.96370581e-03]
 [4.34019506e-01 3.18158185e-03 2.99045187e-03 1.61236938e-04
  1.42092723e-03 2.24683713e-02 1.90102542e-03 1.63542584e-03
  2.64781481e-03 5.29573619e-01]
 [1.03890650e-01 6.39624568e-03 6.04564673e-04 1.05353123e-04
  2.35925126e-03 2.14024093e-02 3.07220104e-03 1.07909937e-03
  4.54340130e-04 8.60635936e-01]
 [5.15844207e-03 4.40874659e-02 2.71114036e-02 5.20706773e-01
  1.17079560e-02 1.05537407e-01 6.21232837e-02 9.25536081e-02
  1.16803329e-02 1.19333379e-01]
 [1.45473471e-03 5.37442803e-01 4.24336456e-03 1.31260812e-01
  2.69706361e-03 5.44582086e-04 1.42015696e-01 1.21670172e-01
  1.23592792e-02 4.63114344e-02]
 [5.02087205e-05 6.01809859e-01 4.44777543e-03 3.29229906e-02
  2.50361627e-03 3.12721386e-05 4.75888513e-03 3.25950682e-01
  2.02406775e-02 7.28396932e-03]
 [6.68090442e-03 1.94031358e-01 2.64185984e-02 2.20342651e-02
  1.19208926e-02 7.66489422e-04 1.29595011e-01 3.99935782e-01
  9.48454216e-02 1.13771327e-01]
 [1.32322090e-03 1.40347078e-01 5.37669100e-03 6.51528966e-03
  3.88078741e-03 1.85753743e-04 2.13923231e-02 7.35381544e-01
  3.21106724e-02 5.34867048e-02]
 [7.09432119e-04 7.27334768e-02 1.71602145e-02 1.92090645e-02
  2.85323686e-03 1.94051012e-03 3.70077975e-03 1.57619834e-01
  4.08832282e-02 6.83190227e-01]
 [1.02995767e-03 8.31454039e-01 9.96853109e-04 3.23807262e-03
  2.39128625e-04 6.11492069e-05 6.57063071e-03 1.11104630e-01
  5.53221582e-03 3.97733115e-02]
 [3.45226452e-02 5.19898138e-04 2.98056975e-02 9.44677740e-03
  1.52338389e-03 5.83725870e-01 4.49633459e-03 4.34504036e-04
  2.21393118e-03 3.33311021e-01]
 [2.71592978e-02 2.48880754e-03 9.61645681e-04 1.07566128e-03
  7.18036841e-04 2.83863172e-02 1.56461680e-03 7.82325922e-04
  3.58135614e-04 9.36505139e-01]
 [7.92317748e-01 1.27353985e-02 3.26470792e-04 3.22741289e-05
  3.54351802e-03 2.12797914e-02 2.80910661e-03 1.20108481e-03
  1.25472969e-03 1.64499879e-01]
 [4.89833474e-01 2.58555240e-03 6.89026387e-03 1.42108649e-03
  1.14485854e-02 2.16425374e-01 2.08952557e-02 9.88787389e-04
  5.72525896e-02 1.92259029e-01]
 [5.54906614e-02 1.64377026e-03 8.32780730e-03 1.94018451e-03
  1.40195771e-03 9.12981257e-02 2.06066761e-02 2.08719610e-03
  5.22981072e-03 8.11973810e-01]
 [5.27831865e-03 6.69230591e-04 1.42652825e-01 4.03032124e-01
  1.43838441e-03 1.45761117e-01 3.71228270e-02 1.84721779e-02
  3.75874788e-02 2.07985565e-01]
 [5.10718208e-03 5.30880876e-03 1.70887988e-02 4.63200472e-02
  2.42214330e-04 2.60067899e-02 5.27615324e-02 6.02345616e-02
  1.02431118e-03 7.85905778e-01]
 [2.32728440e-02 3.17662535e-03 3.33008021e-02 1.92124173e-01
  4.68039140e-03 3.37680988e-02 2.09419448e-02 3.08434427e-01
  3.48418415e-01 3.18823308e-02]
 [1.25700906e-01 5.85960969e-03 4.43130033e-03 6.21371320e-04
  3.37408902e-03 4.10954691e-02 9.63982381e-03 4.48034238e-03
  3.97382304e-03 8.00823212e-01]
 [9.85529497e-02 1.66350987e-03 2.45804358e-02 9.18653794e-03
  1.05313975e-02 8.17801952e-02 2.56584026e-02 1.69440340e-02
  8.95444956e-03 7.22148001e-01]
 [6.97487220e-02 6.01657302e-05 5.74399764e-03 2.35064887e-03
  1.80266937e-03 7.98558533e-01 1.24091480e-03 2.93089193e-04
  1.90423438e-04 1.20010838e-01]
 [3.30066830e-02 4.51532396e-04 2.23300457e-02 7.65580907e-02
  8.22517369e-03 6.54024899e-01 8.70909449e-03 2.23150104e-03
  9.55171511e-03 1.84911296e-01]
 [2.57744044e-01 1.56921726e-02 4.66189673e-03 2.33258051e-03
  4.35740827e-03 1.01761475e-01 9.13801510e-03 4.04947251e-03
  7.62231508e-03 5.92640579e-01]
 [2.56291330e-01 1.94515754e-02 1.38498447e-03 2.43314236e-04
  3.08697368e-03 1.07047139e-02 4.52313526e-03 7.26435054e-03
  1.77842341e-02 6.79265380e-01]
 [4.55382988e-02 3.19419503e-02 3.64689552e-03 3.06310393e-02
  1.60892901e-03 6.40577357e-03 3.97074223e-03 3.92626561e-02
  2.79567223e-02 8.09037030e-01]
 [5.01506217e-03 4.43591597e-03 6.32466078e-02 2.49305293e-01
  2.41724844e-03 1.05997734e-02 1.11125387e-01 3.33195895e-01
  2.29390766e-02 1.97719723e-01]
 [8.41228664e-02 1.16220361e-03 6.74104365e-03 1.52005663e-03
  3.37052334e-04 6.49015158e-02 2.39778939e-03 1.12685259e-03
  4.04424220e-03 8.33646357e-01]
 [4.50619031e-03 7.41747171e-02 7.25536281e-03 2.18970794e-03
  5.21269336e-04 3.03398236e-03 7.57899461e-03 3.96245211e-01
  1.38445338e-02 4.90650028e-01]
 [5.42142428e-03 9.45105497e-03 5.44273779e-02 8.24661255e-02
  1.94127690e-02 4.47172642e-01 4.69051711e-02 1.13486797e-01
  9.91953760e-02 1.22061275e-01]
 [3.84692539e-04 7.66237974e-01 4.52432781e-03 1.70259997e-02
  3.69924889e-03 2.49934179e-04 6.92822412e-03 9.68528315e-02
  8.88907760e-02 1.52059654e-02]
 [3.54486108e-02 2.35703792e-02 1.04512861e-02 7.43523687e-02
  8.09871417e-04 4.76993769e-02 8.74787103e-03 1.61011398e-01
  1.05520124e-02 6.27356827e-01]
 [2.18031229e-04 3.32439095e-02 1.77523482e-03 1.90877542e-02
  1.09680102e-03 6.04403212e-05 5.91241242e-03 9.23547626e-01
  6.90159015e-03 8.15619528e-03]
 [8.67720786e-03 3.65604647e-03 1.11840083e-03 2.13720617e-04
  3.20278079e-04 1.49651142e-02 3.20594670e-04 1.97124260e-04
  2.31876518e-04 9.70299602e-01]
 [5.23507362e-03 3.14221889e-01 5.21144248e-04 1.48968701e-03
  7.79950817e-04 4.80780553e-04 7.89348632e-02 2.41452456e-01
  2.85121053e-03 3.54032874e-01]]"
150,0.2666666805744171,0.6119398474693298,1.0658024549484253,"[7 9 9 5 0 3 5 5 9 3 7 5 5 0 7 1 7 9 9 6 7 5 3 7 9 3 7 1 5 3 9 9 7 3 3 1 9
 5 5 9 9 9 0 9 0 9 0 0 9 1 9 9 9 9 8 0 1 1 7 1 1 1 7 7 9 1 5 3 9 5 1 1 0 7
 5 9 9 5 0 0 0 9 9 9 9 0 5 9 9 9 9 3 5 5 0 7 3 1 9 1 1 1 7 1 7 7 1 0 9 9 3
 1 1 9 1 7 7 1 7 7]","[2 3 2 3 2 2 2 3 3 3 3 2 2 2 3 2 2 2 3 3 2 3 2 2 2 2 3 3 3 3 2 2 2 2 3 2 2
 2 2 3 0 0 0 0 0 0 0 0 0 0 0 0 0 0 0 0 1 1 1 1 1 1 1 1 1 1 1 1 1 1 1 1 0 0
 0 0 0 0 0 0 0 0 0 0 0 0 0 0 0 0 0 0 0 0 0 0 1 1 1 1 1 1 1 1 1 1 1 1 1 1 1
 1 1 1 1 1 1 1 1 1]","[[3.69498994e-05 5.52507862e-02 3.68171372e-02 ... 4.41235751e-01
  8.70276522e-03 7.73572400e-02]
 [3.67353410e-02 3.30740586e-02 2.08633877e-02 ... 2.89744139e-02
  2.36788630e-01 4.93883729e-01]
 [2.42767990e-01 8.08452547e-04 7.57665560e-03 ... 2.53368542e-03
  1.06072356e-03 5.40570855e-01]
 ...
 [4.50962107e-04 9.57775176e-01 7.82843490e-05 ... 1.88038852e-02
  5.81991021e-03 1.29496166e-02]
 [3.74637777e-04 1.09336555e-01 9.98827908e-03 ... 7.28307426e-01
  1.93526130e-02 1.52449040e-02]
 [3.88686708e-03 7.58159012e-02 3.34562622e-02 ... 3.78836632e-01
  1.80997141e-02 1.94662884e-01]]"
200,0.2916666567325592,0.658880889415741,0.9750580191612244,"[3 3 5 0 9 3 1 1 7 3 1 9 1 3 9 9 5 5 9 3 3 9 7 5 2 9 7 3 0 9 3 9 7 7 5 3 9
 3 7 3 7 0 0 3 5 9 9 0 0 1 0 9 0 9 1 7 9 1 1 1 9 3 1 3 5 7 9 3 1 5 7 7 9 9
 7 1 3 0 0 9 1 9 7 0 0 0 9 9 0 9 0 1 9 7 7 9 3 1 9 1 1 3 9 1 1 1 9 7 1 7 9
 1 9 9 7 5 1 0 1 9]","[3 3 2 2 3 2 3 3 2 3 3 3 3 3 2 2 2 2 3 2 3 2 2 2 3 2 3 3 2 3 2 2 3 2 2 2 2
 2 2 3 0 0 0 0 0 0 0 0 0 0 0 0 0 0 0 0 1 1 1 1 1 1 1 1 1 1 1 1 1 1 1 1 0 0
 0 0 0 0 0 0 0 0 0 0 0 0 0 0 0 0 0 0 0 0 0 0 1 1 1 1 1 1 1 1 1 1 1 1 1 1 1
 1 1 1 1 1 1 1 1 1]","[[1.4578827e-05 4.1347169e-03 1.8204432e-02 ... 7.3859341e-02
  2.4916495e-03 4.9458980e-03]
 [8.4417616e-04 2.2882053e-04 1.6390584e-02 ... 2.7814951e-02
  1.3443176e-04 2.9754085e-02]
 [4.8926370e-03 6.3681644e-03 3.1283192e-02 ... 1.1800849e-02
  3.1308264e-02 3.9565986e-01]
 ...
 [9.2440617e-01 1.1425484e-02 3.1015311e-06 ... 8.2662904e-05
  2.3123941e-04 6.2242653e-02]
 [5.9310824e-04 7.5411373e-01 4.4018030e-05 ... 2.7545661e-04
  1.2870340e-03 2.4323249e-01]
 [2.6395898e-02 6.4126320e-02 3.3661830e-03 ... 2.4416358e-03
  1.1032043e-03 8.9202040e-01]]"
